Scenario,ModelGroup,ICM-Hydro_CompID,ICM_years_to_correct ('all' or space delimited integers),Notes
7,601,92,all,Below Mid Breton - should be no change but there is. Comp 92 and 93 both have water level decrease - remove
8,601,92,all,Below Mid Breton - should be no change but there is. Comp 92 and 93 both have water level decrease - remove
7,606,92,all,Ridge component of land bridge project extends into comp. 92/93. But still remove compartments per Stu/Eric
8,606,92,all,Ridge component of land bridge project extends into comp. 92/93. But still remove compartments per Stu/Eric
7,607,92,all,Remove compartments
8,607,92,all,Remove compartments
7,619,92,all,Remove compartments
8,619,92,all,Remove compartments
7,625,92,all,Set up correct but major change in comp 92/93 - gain at year 27 due to reduced stage. But no reason for decreased stage. Comp 95 98 and 103 have slight increases from year 7 when project goes in.
8,625,92,all,Set up correct but major change in comp 92/93 - gain at year 27 due to reduced stage. But no reason for decreased stage. Comp 95 98 and 103 have slight increases from year 7 when project goes in.
7,632,92,all,Signature in benefits over time
8,632,92,all,Signature in benefits over time
7,633,92,all,Signature in benefits over time
8,633,92,all,Signature in benefits over time
7,639,92,all,Signature in benefits over time
8,639,92,all,Signature in benefits over time
7,640,92,all,Signature in benefits over time
8,640,92,all,Signature in benefits over time
7,641,92,all,extends into compartment 92 (one of the compartments that would be removed). Remove compartments (Stu/Eric)
8,641,92,all,extends into compartment 92 (one of the compartments that would be removed). Remove compartments (Stu/Eric)
7,642,92,all,Signature in benefits over time
8,642,92,all,Signature in benefits over time
7,649,92,all,Removing only 92 and 93 as projects can interact with 95 98 and 103
8,649,92,all,Removing only 92 and 93 as projects can interact with 95 98 and 103
7,650,92,all,Removing only 92 and 93 as projects can interact with 95 98 and 103
8,650,92,all,Removing only 92 and 93 as projects can interact with 95 98 and 103
7,601,93,all,Below Mid Breton - should be no change but there is. Comp 92 and 93 both have water level decrease - remove
8,601,93,all,Below Mid Breton - should be no change but there is. Comp 92 and 93 both have water level decrease - remove
7,606,93,all,Ridge component of land bridge project extends into comp. 92/93. But still remove compartments per Stu/Eric
8,606,93,all,Ridge component of land bridge project extends into comp. 92/93. But still remove compartments per Stu/Eric
7,607,93,all,Remove compartments
8,607,93,all,Remove compartments
7,619,93,all,Remove compartments
8,619,93,all,Remove compartments
7,625,93,all,Set up correct but major change in comp 92/93 - gain at year 27 due to reduced stage. But no reason for decreased stage. Comp 95 98 and 103 have slight increases from year 7 when project goes in.
8,625,93,all,Set up correct but major change in comp 92/93 - gain at year 27 due to reduced stage. But no reason for decreased stage. Comp 95 98 and 103 have slight increases from year 7 when project goes in.
7,632,93,all,Signature in benefits over time
8,632,93,all,Signature in benefits over time
7,633,93,all,Signature in benefits over time
8,633,93,all,Signature in benefits over time
7,639,93,all,Signature in benefits over time
8,639,93,all,Signature in benefits over time
7,640,93,all,Signature in benefits over time
8,640,93,all,Signature in benefits over time
7,641,93,all,extends into compartment 92 (one of the compartments that would be removed). Remove compartments (Stu/Eric)
8,641,93,all,extends into compartment 92 (one of the compartments that would be removed). Remove compartments (Stu/Eric)
7,642,93,all,Signature in benefits over time
8,642,93,all,Signature in benefits over time
7,649,93,all,Removing only 92 and 93 as projects can interact with 95 98 and 103
8,649,93,all,Removing only 92 and 93 as projects can interact with 95 98 and 103
7,650,93,all,Removing only 92 and 93 as projects can interact with 95 98 and 103
8,650,93,all,Removing only 92 and 93 as projects can interact with 95 98 and 103
7,606,95,all,Ridge component of land bridge project extends into comp. 92/93. But still remove compartments per Stu/Eric
8,606,95,all,Ridge component of land bridge project extends into comp. 92/93. But still remove compartments per Stu/Eric
7,607,95,all,Remove compartments
8,607,95,all,Remove compartments
7,619,95,all,Remove compartments
8,619,95,all,Remove compartments
7,632,95,all,Signature in benefits over time
8,632,95,all,Signature in benefits over time
7,633,95,all,Signature in benefits over time
8,633,95,all,Signature in benefits over time
7,639,95,all,Signature in benefits over time
8,639,95,all,Signature in benefits over time
7,640,95,all,Signature in benefits over time
8,640,95,all,Signature in benefits over time
7,641,95,all,extends into compartment 92 (one of the compartments that would be removed). Remove compartments (Stu/Eric)
8,641,95,all,extends into compartment 92 (one of the compartments that would be removed). Remove compartments (Stu/Eric)
7,642,95,all,Signature in benefits over time
8,642,95,all,Signature in benefits over time
7,606,98,all,Ridge component of land bridge project extends into comp. 92/93. But still remove compartments per Stu/Eric
8,606,98,all,Ridge component of land bridge project extends into comp. 92/93. But still remove compartments per Stu/Eric
7,607,98,all,Remove compartments
8,607,98,all,Remove compartments
7,619,98,all,Remove compartments
8,619,98,all,Remove compartments
7,632,98,all,Signature in benefits over time
8,632,98,all,Signature in benefits over time
7,633,98,all,Signature in benefits over time
8,633,98,all,Signature in benefits over time
7,639,98,all,Signature in benefits over time
8,639,98,all,Signature in benefits over time
7,640,98,all,Signature in benefits over time
8,640,98,all,Signature in benefits over time
7,641,98,all,extends into compartment 92 (one of the compartments that would be removed). Remove compartments (Stu/Eric)
8,641,98,all,extends into compartment 92 (one of the compartments that would be removed). Remove compartments (Stu/Eric)
7,642,98,all,Signature in benefits over time
8,642,98,all,Signature in benefits over time
7,606,103,all,Ridge component of land bridge project extends into comp. 92/93. But still remove compartments per Stu/Eric
8,606,103,all,Ridge component of land bridge project extends into comp. 92/93. But still remove compartments per Stu/Eric
7,607,103,all,Remove compartments
8,607,103,all,Remove compartments
7,619,103,all,Remove compartments
8,619,103,all,Remove compartments
7,632,103,all,Signature in benefits over time
8,632,103,all,Signature in benefits over time
7,633,103,all,Signature in benefits over time
8,633,103,all,Signature in benefits over time
7,639,103,all,Signature in benefits over time
8,639,103,all,Signature in benefits over time
7,640,103,all,Signature in benefits over time
8,640,103,all,Signature in benefits over time
7,641,103,all,extends into compartment 92 (one of the compartments that would be removed). Remove compartments (Stu/Eric)
8,641,103,all,extends into compartment 92 (one of the compartments that would be removed). Remove compartments (Stu/Eric)
7,642,103,all,Signature in benefits over time
8,642,103,all,Signature in benefits over time
8,642,226,all,Issues in 226 for about a decade - stage is identical. Remove compartment
7,601,385,all,Yellow Bayou - instabilities due to this 2D compartment serving as the connection between the Atch and WLO 1D domains
8,601,385,all,Yellow Bayou - instabilities due to this 2D compartment serving as the connection between the Atch and WLO 1D domains
7,602,385,all,Yellow Bayou - instabilities due to this 2D compartment serving as the connection between the Atch and WLO 1D domains
8,602,385,all,Yellow Bayou - instabilities due to this 2D compartment serving as the connection between the Atch and WLO 1D domains
7,603,385,all,Yellow Bayou - instabilities due to this 2D compartment serving as the connection between the Atch and WLO 1D domains
8,603,385,all,Yellow Bayou - instabilities due to this 2D compartment serving as the connection between the Atch and WLO 1D domains
7,604,385,all,Yellow Bayou - instabilities due to this 2D compartment serving as the connection between the Atch and WLO 1D domains
8,604,385,all,Yellow Bayou - instabilities due to this 2D compartment serving as the connection between the Atch and WLO 1D domains
7,605,385,all,Yellow Bayou - instabilities due to this 2D compartment serving as the connection between the Atch and WLO 1D domains
8,605,385,all,Yellow Bayou - instabilities due to this 2D compartment serving as the connection between the Atch and WLO 1D domains
7,606,385,all,Yellow Bayou - instabilities due to this 2D compartment serving as the connection between the Atch and WLO 1D domains
8,606,385,all,Yellow Bayou - instabilities due to this 2D compartment serving as the connection between the Atch and WLO 1D domains
7,607,385,all,Yellow Bayou - instabilities due to this 2D compartment serving as the connection between the Atch and WLO 1D domains
8,607,385,all,Yellow Bayou - instabilities due to this 2D compartment serving as the connection between the Atch and WLO 1D domains
7,608,385,all,Yellow Bayou - instabilities due to this 2D compartment serving as the connection between the Atch and WLO 1D domains
8,608,385,all,Yellow Bayou - instabilities due to this 2D compartment serving as the connection between the Atch and WLO 1D domains
7,609,385,all,Yellow Bayou - instabilities due to this 2D compartment serving as the connection between the Atch and WLO 1D domains
8,609,385,all,Yellow Bayou - instabilities due to this 2D compartment serving as the connection between the Atch and WLO 1D domains
7,610,385,all,Yellow Bayou - instabilities due to this 2D compartment serving as the connection between the Atch and WLO 1D domains
8,610,385,all,Yellow Bayou - instabilities due to this 2D compartment serving as the connection between the Atch and WLO 1D domains
7,611,385,all,Yellow Bayou - instabilities due to this 2D compartment serving as the connection between the Atch and WLO 1D domains
8,611,385,all,Yellow Bayou - instabilities due to this 2D compartment serving as the connection between the Atch and WLO 1D domains
7,612,385,all,Yellow Bayou - instabilities due to this 2D compartment serving as the connection between the Atch and WLO 1D domains
8,612,385,all,Yellow Bayou - instabilities due to this 2D compartment serving as the connection between the Atch and WLO 1D domains
7,613,385,all,Yellow Bayou - instabilities due to this 2D compartment serving as the connection between the Atch and WLO 1D domains
8,613,385,all,Yellow Bayou - instabilities due to this 2D compartment serving as the connection between the Atch and WLO 1D domains
7,614,385,all,Yellow Bayou - instabilities due to this 2D compartment serving as the connection between the Atch and WLO 1D domains
8,614,385,all,Yellow Bayou - instabilities due to this 2D compartment serving as the connection between the Atch and WLO 1D domains
7,615,385,all,Yellow Bayou - instabilities due to this 2D compartment serving as the connection between the Atch and WLO 1D domains
8,615,385,all,Yellow Bayou - instabilities due to this 2D compartment serving as the connection between the Atch and WLO 1D domains
7,616,385,all,Yellow Bayou - instabilities due to this 2D compartment serving as the connection between the Atch and WLO 1D domains
8,616,385,all,Yellow Bayou - instabilities due to this 2D compartment serving as the connection between the Atch and WLO 1D domains
7,617,385,all,Yellow Bayou - instabilities due to this 2D compartment serving as the connection between the Atch and WLO 1D domains
8,617,385,all,Yellow Bayou - instabilities due to this 2D compartment serving as the connection between the Atch and WLO 1D domains
7,618,385,all,Yellow Bayou - instabilities due to this 2D compartment serving as the connection between the Atch and WLO 1D domains
8,618,385,all,Yellow Bayou - instabilities due to this 2D compartment serving as the connection between the Atch and WLO 1D domains
7,619,385,all,Yellow Bayou - instabilities due to this 2D compartment serving as the connection between the Atch and WLO 1D domains
8,619,385,all,Yellow Bayou - instabilities due to this 2D compartment serving as the connection between the Atch and WLO 1D domains
7,620,385,all,Yellow Bayou - instabilities due to this 2D compartment serving as the connection between the Atch and WLO 1D domains
8,620,385,all,Yellow Bayou - instabilities due to this 2D compartment serving as the connection between the Atch and WLO 1D domains
7,621,385,all,Yellow Bayou - instabilities due to this 2D compartment serving as the connection between the Atch and WLO 1D domains
8,621,385,all,Yellow Bayou - instabilities due to this 2D compartment serving as the connection between the Atch and WLO 1D domains
7,622,385,all,Yellow Bayou - instabilities due to this 2D compartment serving as the connection between the Atch and WLO 1D domains
8,622,385,all,Yellow Bayou - instabilities due to this 2D compartment serving as the connection between the Atch and WLO 1D domains
7,623,385,all,Yellow Bayou - instabilities due to this 2D compartment serving as the connection between the Atch and WLO 1D domains
8,623,385,all,Yellow Bayou - instabilities due to this 2D compartment serving as the connection between the Atch and WLO 1D domains
7,624,385,all,Yellow Bayou - instabilities due to this 2D compartment serving as the connection between the Atch and WLO 1D domains
8,624,385,all,Yellow Bayou - instabilities due to this 2D compartment serving as the connection between the Atch and WLO 1D domains
7,625,385,all,Yellow Bayou - instabilities due to this 2D compartment serving as the connection between the Atch and WLO 1D domains
8,625,385,all,Yellow Bayou - instabilities due to this 2D compartment serving as the connection between the Atch and WLO 1D domains
7,626,385,all,Yellow Bayou - instabilities due to this 2D compartment serving as the connection between the Atch and WLO 1D domains
8,626,385,all,Yellow Bayou - instabilities due to this 2D compartment serving as the connection between the Atch and WLO 1D domains
7,627,385,all,Yellow Bayou - instabilities due to this 2D compartment serving as the connection between the Atch and WLO 1D domains
8,627,385,all,Yellow Bayou - instabilities due to this 2D compartment serving as the connection between the Atch and WLO 1D domains
7,628,385,all,Yellow Bayou - instabilities due to this 2D compartment serving as the connection between the Atch and WLO 1D domains
8,628,385,all,Yellow Bayou - instabilities due to this 2D compartment serving as the connection between the Atch and WLO 1D domains
7,629,385,all,Yellow Bayou - instabilities due to this 2D compartment serving as the connection between the Atch and WLO 1D domains
8,629,385,all,Yellow Bayou - instabilities due to this 2D compartment serving as the connection between the Atch and WLO 1D domains
7,630,385,all,Yellow Bayou - instabilities due to this 2D compartment serving as the connection between the Atch and WLO 1D domains
8,630,385,all,Yellow Bayou - instabilities due to this 2D compartment serving as the connection between the Atch and WLO 1D domains
7,631,385,all,Yellow Bayou - instabilities due to this 2D compartment serving as the connection between the Atch and WLO 1D domains
8,631,385,all,Yellow Bayou - instabilities due to this 2D compartment serving as the connection between the Atch and WLO 1D domains
7,632,385,all,Yellow Bayou - instabilities due to this 2D compartment serving as the connection between the Atch and WLO 1D domains
8,632,385,all,Yellow Bayou - instabilities due to this 2D compartment serving as the connection between the Atch and WLO 1D domains
7,633,385,all,Yellow Bayou - instabilities due to this 2D compartment serving as the connection between the Atch and WLO 1D domains
8,633,385,all,Yellow Bayou - instabilities due to this 2D compartment serving as the connection between the Atch and WLO 1D domains
7,634,385,all,Yellow Bayou - instabilities due to this 2D compartment serving as the connection between the Atch and WLO 1D domains
8,634,385,all,Yellow Bayou - instabilities due to this 2D compartment serving as the connection between the Atch and WLO 1D domains
7,635,385,all,Yellow Bayou - instabilities due to this 2D compartment serving as the connection between the Atch and WLO 1D domains
8,635,385,all,Yellow Bayou - instabilities due to this 2D compartment serving as the connection between the Atch and WLO 1D domains
7,636,385,all,Yellow Bayou - instabilities due to this 2D compartment serving as the connection between the Atch and WLO 1D domains
8,636,385,all,Yellow Bayou - instabilities due to this 2D compartment serving as the connection between the Atch and WLO 1D domains
7,637,385,all,Yellow Bayou - instabilities due to this 2D compartment serving as the connection between the Atch and WLO 1D domains
8,637,385,all,Yellow Bayou - instabilities due to this 2D compartment serving as the connection between the Atch and WLO 1D domains
7,638,385,all,Yellow Bayou - instabilities due to this 2D compartment serving as the connection between the Atch and WLO 1D domains
8,638,385,all,Yellow Bayou - instabilities due to this 2D compartment serving as the connection between the Atch and WLO 1D domains
7,639,385,all,Yellow Bayou - instabilities due to this 2D compartment serving as the connection between the Atch and WLO 1D domains
8,639,385,all,Yellow Bayou - instabilities due to this 2D compartment serving as the connection between the Atch and WLO 1D domains
7,640,385,all,Yellow Bayou - instabilities due to this 2D compartment serving as the connection between the Atch and WLO 1D domains
8,640,385,all,Yellow Bayou - instabilities due to this 2D compartment serving as the connection between the Atch and WLO 1D domains
7,641,385,all,Yellow Bayou - instabilities due to this 2D compartment serving as the connection between the Atch and WLO 1D domains
8,641,385,all,Yellow Bayou - instabilities due to this 2D compartment serving as the connection between the Atch and WLO 1D domains
7,642,385,all,Yellow Bayou - instabilities due to this 2D compartment serving as the connection between the Atch and WLO 1D domains
8,642,385,all,Yellow Bayou - instabilities due to this 2D compartment serving as the connection between the Atch and WLO 1D domains
7,643,385,all,Yellow Bayou - instabilities due to this 2D compartment serving as the connection between the Atch and WLO 1D domains
8,643,385,all,Yellow Bayou - instabilities due to this 2D compartment serving as the connection between the Atch and WLO 1D domains
7,644,385,all,Yellow Bayou - instabilities due to this 2D compartment serving as the connection between the Atch and WLO 1D domains
8,644,385,all,Yellow Bayou - instabilities due to this 2D compartment serving as the connection between the Atch and WLO 1D domains
7,645,385,all,Yellow Bayou - instabilities due to this 2D compartment serving as the connection between the Atch and WLO 1D domains
8,645,385,all,Yellow Bayou - instabilities due to this 2D compartment serving as the connection between the Atch and WLO 1D domains
7,646,385,all,Yellow Bayou - instabilities due to this 2D compartment serving as the connection between the Atch and WLO 1D domains
8,646,385,all,Yellow Bayou - instabilities due to this 2D compartment serving as the connection between the Atch and WLO 1D domains
7,647,385,all,Yellow Bayou - instabilities due to this 2D compartment serving as the connection between the Atch and WLO 1D domains
8,647,385,all,Yellow Bayou - instabilities due to this 2D compartment serving as the connection between the Atch and WLO 1D domains
7,648,385,all,Yellow Bayou - instabilities due to this 2D compartment serving as the connection between the Atch and WLO 1D domains
8,648,385,all,Yellow Bayou - instabilities due to this 2D compartment serving as the connection between the Atch and WLO 1D domains
7,649,385,all,Yellow Bayou - instabilities due to this 2D compartment serving as the connection between the Atch and WLO 1D domains
8,649,385,all,Yellow Bayou - instabilities due to this 2D compartment serving as the connection between the Atch and WLO 1D domains
7,650,385,all,Yellow Bayou - instabilities due to this 2D compartment serving as the connection between the Atch and WLO 1D domains
8,650,385,all,Yellow Bayou - instabilities due to this 2D compartment serving as the connection between the Atch and WLO 1D domains
7,651,385,all,Yellow Bayou - instabilities due to this 2D compartment serving as the connection between the Atch and WLO 1D domains
8,651,385,all,Yellow Bayou - instabilities due to this 2D compartment serving as the connection between the Atch and WLO 1D domains
7,652,385,all,Yellow Bayou - instabilities due to this 2D compartment serving as the connection between the Atch and WLO 1D domains
8,652,385,all,Yellow Bayou - instabilities due to this 2D compartment serving as the connection between the Atch and WLO 1D domains
7,653,385,all,Yellow Bayou - instabilities due to this 2D compartment serving as the connection between the Atch and WLO 1D domains
8,653,385,all,Yellow Bayou - instabilities due to this 2D compartment serving as the connection between the Atch and WLO 1D domains
7,601,465,all,polder between east bank of Atchafalaya River and Avoca Island Cutoff - overlapping zone between 1D and 2D model domain
8,601,465,all,polder between east bank of Atchafalaya River and Avoca Island Cutoff - overlapping zone between 1D and 2D model domain
7,602,465,all,polder between east bank of Atchafalaya River and Avoca Island Cutoff - overlapping zone between 1D and 2D model domain
8,602,465,all,polder between east bank of Atchafalaya River and Avoca Island Cutoff - overlapping zone between 1D and 2D model domain
7,603,465,all,polder between east bank of Atchafalaya River and Avoca Island Cutoff - overlapping zone between 1D and 2D model domain
8,603,465,all,polder between east bank of Atchafalaya River and Avoca Island Cutoff - overlapping zone between 1D and 2D model domain
7,604,465,all,polder between east bank of Atchafalaya River and Avoca Island Cutoff - overlapping zone between 1D and 2D model domain
8,604,465,all,polder between east bank of Atchafalaya River and Avoca Island Cutoff - overlapping zone between 1D and 2D model domain
7,605,465,all,polder between east bank of Atchafalaya River and Avoca Island Cutoff - overlapping zone between 1D and 2D model domain
8,605,465,all,polder between east bank of Atchafalaya River and Avoca Island Cutoff - overlapping zone between 1D and 2D model domain
7,606,465,all,polder between east bank of Atchafalaya River and Avoca Island Cutoff - overlapping zone between 1D and 2D model domain
8,606,465,all,polder between east bank of Atchafalaya River and Avoca Island Cutoff - overlapping zone between 1D and 2D model domain
7,607,465,all,polder between east bank of Atchafalaya River and Avoca Island Cutoff - overlapping zone between 1D and 2D model domain
8,607,465,all,polder between east bank of Atchafalaya River and Avoca Island Cutoff - overlapping zone between 1D and 2D model domain
7,608,465,all,polder between east bank of Atchafalaya River and Avoca Island Cutoff - overlapping zone between 1D and 2D model domain
8,608,465,all,polder between east bank of Atchafalaya River and Avoca Island Cutoff - overlapping zone between 1D and 2D model domain
7,609,465,all,polder between east bank of Atchafalaya River and Avoca Island Cutoff - overlapping zone between 1D and 2D model domain
8,609,465,all,polder between east bank of Atchafalaya River and Avoca Island Cutoff - overlapping zone between 1D and 2D model domain
7,610,465,all,polder between east bank of Atchafalaya River and Avoca Island Cutoff - overlapping zone between 1D and 2D model domain
8,610,465,all,polder between east bank of Atchafalaya River and Avoca Island Cutoff - overlapping zone between 1D and 2D model domain
7,611,465,all,polder between east bank of Atchafalaya River and Avoca Island Cutoff - overlapping zone between 1D and 2D model domain
8,611,465,all,polder between east bank of Atchafalaya River and Avoca Island Cutoff - overlapping zone between 1D and 2D model domain
7,612,465,all,polder between east bank of Atchafalaya River and Avoca Island Cutoff - overlapping zone between 1D and 2D model domain
8,612,465,all,polder between east bank of Atchafalaya River and Avoca Island Cutoff - overlapping zone between 1D and 2D model domain
7,613,465,all,polder between east bank of Atchafalaya River and Avoca Island Cutoff - overlapping zone between 1D and 2D model domain
8,613,465,all,polder between east bank of Atchafalaya River and Avoca Island Cutoff - overlapping zone between 1D and 2D model domain
7,614,465,all,polder between east bank of Atchafalaya River and Avoca Island Cutoff - overlapping zone between 1D and 2D model domain
8,614,465,all,polder between east bank of Atchafalaya River and Avoca Island Cutoff - overlapping zone between 1D and 2D model domain
7,615,465,all,polder between east bank of Atchafalaya River and Avoca Island Cutoff - overlapping zone between 1D and 2D model domain
8,615,465,all,polder between east bank of Atchafalaya River and Avoca Island Cutoff - overlapping zone between 1D and 2D model domain
7,616,465,all,polder between east bank of Atchafalaya River and Avoca Island Cutoff - overlapping zone between 1D and 2D model domain
8,616,465,all,polder between east bank of Atchafalaya River and Avoca Island Cutoff - overlapping zone between 1D and 2D model domain
7,617,465,all,polder between east bank of Atchafalaya River and Avoca Island Cutoff - overlapping zone between 1D and 2D model domain
8,617,465,all,polder between east bank of Atchafalaya River and Avoca Island Cutoff - overlapping zone between 1D and 2D model domain
7,618,465,all,polder between east bank of Atchafalaya River and Avoca Island Cutoff - overlapping zone between 1D and 2D model domain
8,618,465,all,polder between east bank of Atchafalaya River and Avoca Island Cutoff - overlapping zone between 1D and 2D model domain
7,619,465,all,polder between east bank of Atchafalaya River and Avoca Island Cutoff - overlapping zone between 1D and 2D model domain
8,619,465,all,polder between east bank of Atchafalaya River and Avoca Island Cutoff - overlapping zone between 1D and 2D model domain
7,620,465,all,polder between east bank of Atchafalaya River and Avoca Island Cutoff - overlapping zone between 1D and 2D model domain
8,620,465,all,polder between east bank of Atchafalaya River and Avoca Island Cutoff - overlapping zone between 1D and 2D model domain
7,621,465,all,polder between east bank of Atchafalaya River and Avoca Island Cutoff - overlapping zone between 1D and 2D model domain
8,621,465,all,polder between east bank of Atchafalaya River and Avoca Island Cutoff - overlapping zone between 1D and 2D model domain
7,622,465,all,polder between east bank of Atchafalaya River and Avoca Island Cutoff - overlapping zone between 1D and 2D model domain
8,622,465,all,polder between east bank of Atchafalaya River and Avoca Island Cutoff - overlapping zone between 1D and 2D model domain
7,623,465,all,polder between east bank of Atchafalaya River and Avoca Island Cutoff - overlapping zone between 1D and 2D model domain
8,623,465,all,polder between east bank of Atchafalaya River and Avoca Island Cutoff - overlapping zone between 1D and 2D model domain
7,624,465,all,polder between east bank of Atchafalaya River and Avoca Island Cutoff - overlapping zone between 1D and 2D model domain
8,624,465,all,polder between east bank of Atchafalaya River and Avoca Island Cutoff - overlapping zone between 1D and 2D model domain
7,625,465,all,polder between east bank of Atchafalaya River and Avoca Island Cutoff - overlapping zone between 1D and 2D model domain
8,625,465,all,polder between east bank of Atchafalaya River and Avoca Island Cutoff - overlapping zone between 1D and 2D model domain
7,626,465,all,polder between east bank of Atchafalaya River and Avoca Island Cutoff - overlapping zone between 1D and 2D model domain
8,626,465,all,polder between east bank of Atchafalaya River and Avoca Island Cutoff - overlapping zone between 1D and 2D model domain
7,627,465,all,polder between east bank of Atchafalaya River and Avoca Island Cutoff - overlapping zone between 1D and 2D model domain
8,627,465,all,polder between east bank of Atchafalaya River and Avoca Island Cutoff - overlapping zone between 1D and 2D model domain
7,628,465,all,polder between east bank of Atchafalaya River and Avoca Island Cutoff - overlapping zone between 1D and 2D model domain
8,628,465,all,polder between east bank of Atchafalaya River and Avoca Island Cutoff - overlapping zone between 1D and 2D model domain
7,629,465,all,polder between east bank of Atchafalaya River and Avoca Island Cutoff - overlapping zone between 1D and 2D model domain
8,629,465,all,polder between east bank of Atchafalaya River and Avoca Island Cutoff - overlapping zone between 1D and 2D model domain
7,630,465,all,polder between east bank of Atchafalaya River and Avoca Island Cutoff - overlapping zone between 1D and 2D model domain
8,630,465,all,polder between east bank of Atchafalaya River and Avoca Island Cutoff - overlapping zone between 1D and 2D model domain
7,631,465,all,polder between east bank of Atchafalaya River and Avoca Island Cutoff - overlapping zone between 1D and 2D model domain
8,631,465,all,polder between east bank of Atchafalaya River and Avoca Island Cutoff - overlapping zone between 1D and 2D model domain
7,632,465,all,polder between east bank of Atchafalaya River and Avoca Island Cutoff - overlapping zone between 1D and 2D model domain
8,632,465,all,polder between east bank of Atchafalaya River and Avoca Island Cutoff - overlapping zone between 1D and 2D model domain
7,633,465,all,polder between east bank of Atchafalaya River and Avoca Island Cutoff - overlapping zone between 1D and 2D model domain
8,633,465,all,polder between east bank of Atchafalaya River and Avoca Island Cutoff - overlapping zone between 1D and 2D model domain
7,634,465,all,polder between east bank of Atchafalaya River and Avoca Island Cutoff - overlapping zone between 1D and 2D model domain
8,634,465,all,polder between east bank of Atchafalaya River and Avoca Island Cutoff - overlapping zone between 1D and 2D model domain
7,635,465,all,polder between east bank of Atchafalaya River and Avoca Island Cutoff - overlapping zone between 1D and 2D model domain
8,635,465,all,polder between east bank of Atchafalaya River and Avoca Island Cutoff - overlapping zone between 1D and 2D model domain
7,636,465,all,polder between east bank of Atchafalaya River and Avoca Island Cutoff - overlapping zone between 1D and 2D model domain
8,636,465,all,polder between east bank of Atchafalaya River and Avoca Island Cutoff - overlapping zone between 1D and 2D model domain
7,637,465,all,polder between east bank of Atchafalaya River and Avoca Island Cutoff - overlapping zone between 1D and 2D model domain
8,637,465,all,polder between east bank of Atchafalaya River and Avoca Island Cutoff - overlapping zone between 1D and 2D model domain
7,638,465,all,polder between east bank of Atchafalaya River and Avoca Island Cutoff - overlapping zone between 1D and 2D model domain
8,638,465,all,polder between east bank of Atchafalaya River and Avoca Island Cutoff - overlapping zone between 1D and 2D model domain
7,639,465,all,polder between east bank of Atchafalaya River and Avoca Island Cutoff - overlapping zone between 1D and 2D model domain
8,639,465,all,polder between east bank of Atchafalaya River and Avoca Island Cutoff - overlapping zone between 1D and 2D model domain
7,640,465,all,polder between east bank of Atchafalaya River and Avoca Island Cutoff - overlapping zone between 1D and 2D model domain
8,640,465,all,polder between east bank of Atchafalaya River and Avoca Island Cutoff - overlapping zone between 1D and 2D model domain
7,641,465,all,polder between east bank of Atchafalaya River and Avoca Island Cutoff - overlapping zone between 1D and 2D model domain
8,641,465,all,polder between east bank of Atchafalaya River and Avoca Island Cutoff - overlapping zone between 1D and 2D model domain
7,642,465,all,polder between east bank of Atchafalaya River and Avoca Island Cutoff - overlapping zone between 1D and 2D model domain
8,642,465,all,polder between east bank of Atchafalaya River and Avoca Island Cutoff - overlapping zone between 1D and 2D model domain
7,643,465,all,polder between east bank of Atchafalaya River and Avoca Island Cutoff - overlapping zone between 1D and 2D model domain
8,643,465,all,polder between east bank of Atchafalaya River and Avoca Island Cutoff - overlapping zone between 1D and 2D model domain
7,644,465,all,polder between east bank of Atchafalaya River and Avoca Island Cutoff - overlapping zone between 1D and 2D model domain
8,644,465,all,polder between east bank of Atchafalaya River and Avoca Island Cutoff - overlapping zone between 1D and 2D model domain
7,645,465,all,polder between east bank of Atchafalaya River and Avoca Island Cutoff - overlapping zone between 1D and 2D model domain
8,645,465,all,polder between east bank of Atchafalaya River and Avoca Island Cutoff - overlapping zone between 1D and 2D model domain
7,646,465,all,polder between east bank of Atchafalaya River and Avoca Island Cutoff - overlapping zone between 1D and 2D model domain
8,646,465,all,polder between east bank of Atchafalaya River and Avoca Island Cutoff - overlapping zone between 1D and 2D model domain
7,647,465,all,polder between east bank of Atchafalaya River and Avoca Island Cutoff - overlapping zone between 1D and 2D model domain
8,647,465,all,polder between east bank of Atchafalaya River and Avoca Island Cutoff - overlapping zone between 1D and 2D model domain
7,648,465,all,polder between east bank of Atchafalaya River and Avoca Island Cutoff - overlapping zone between 1D and 2D model domain
8,648,465,all,polder between east bank of Atchafalaya River and Avoca Island Cutoff - overlapping zone between 1D and 2D model domain
7,649,465,all,polder between east bank of Atchafalaya River and Avoca Island Cutoff - overlapping zone between 1D and 2D model domain
8,649,465,all,polder between east bank of Atchafalaya River and Avoca Island Cutoff - overlapping zone between 1D and 2D model domain
7,650,465,all,polder between east bank of Atchafalaya River and Avoca Island Cutoff - overlapping zone between 1D and 2D model domain
8,650,465,all,polder between east bank of Atchafalaya River and Avoca Island Cutoff - overlapping zone between 1D and 2D model domain
7,651,465,all,polder between east bank of Atchafalaya River and Avoca Island Cutoff - overlapping zone between 1D and 2D model domain
8,651,465,all,polder between east bank of Atchafalaya River and Avoca Island Cutoff - overlapping zone between 1D and 2D model domain
7,652,465,all,polder between east bank of Atchafalaya River and Avoca Island Cutoff - overlapping zone between 1D and 2D model domain
8,652,465,all,polder between east bank of Atchafalaya River and Avoca Island Cutoff - overlapping zone between 1D and 2D model domain
7,653,465,all,polder between east bank of Atchafalaya River and Avoca Island Cutoff - overlapping zone between 1D and 2D model domain
8,653,465,all,polder between east bank of Atchafalaya River and Avoca Island Cutoff - overlapping zone between 1D and 2D model domain
8,604,570,23 24 25 26,Non project related changes to BG
8,605,570,23 24 25 26,Non project related changes to BG
8,607,570,all,Non project related changes to BG
8,608,570,23 24 25 26,Non project related changes to BG
8,609,570,23 24 25 26,Non project related changes to BG
8,611,570,23 24 25 26,Non project related changes to BG
8,614,570,23 24 25 26,Non project related changes to BG
8,625,570,all,Non project related changes to BG
8,628,570,23 24 25 26 50,Non project related changes to BG
8,630,570,23 24 25 26,Non project related changes to BG
8,633,570,all,Non project related changes to BG
8,634,570,23 24 25 26,Non project related changes to BG
8,641,570,all,Non project related changes to BG
8,617,609,38 39 40 41 42 43 44 45 46 47 48 49 50,S08: Flotant issues remote from project. Replace compartments 609 645 656 for years 38-50
8,631,609,38 39 40 41 42 43 44 45 46 47 48 49 50,S08: Flotant issues remote from project. Replace comp 609 for years 38-50
7,615,616,7 8 9 10 11 12 13 14 15 16 17 18 19 20 21 22 23 24 25 26,S07: water to BG. Replace compartments 616 798 657 800 for years 7-26
8,615,640,all,S08: unexplained loss inc flotant. Replace compartments 806 640 655 645 656 for all years (or 8-50)
7,632,640,all,S07: BG issues remove comp 640 years 44-48
8,615,645,all,S08: unexplained loss inc flotant. Replace compartments 806 640 655 645 656 for all years (or 8-50)
8,617,645,38 39 40 41 42 43 44 45 46 47 48 49 50,S08: Flotant issues remote from project. Replace compartments 609 645 656 for years 38-50
8,615,655,all,S08: unexplained loss inc flotant. Replace compartments 806 640 655 645 656 for all years (or 8-50)
8,601,656,all,S08: replace 656 - flotant issues unexplainable in 2 week salinity in comp 656
8,615,656,all,S08: unexplained loss inc flotant. Replace compartments 806 640 655 645 656 for all years (or 8-50)
8,617,656,38 39 40 41 42 43 44 45 46 47 48 49 50,S08: Flotant issues remote from project. Replace compartments 609 645 656 for years 38-50
7,615,657,7 8 9 10 11 12 13 14 15 16 17 18 19 20 21 22 23 24 25 26,S07: water to BG. Replace compartments 616 798 657 800 for years 7-26
7,615,798,7 8 9 10 11 12 13 14 15 16 17 18 19 20 21 22 23 24 25 26,S07: water to BG. Replace compartments 616 798 657 800 for years 7-26
7,615,800,7 8 9 10 11 12 13 14 15 16 17 18 19 20 21 22 23 24 25 26,S07: water to BG. Replace compartments 616 798 657 800 for years 7-26
8,601,801,all,S08: replace 801 - minor changes remote from project in yrs 10-11 and yrs 42-47
8,615,806,all,S08: unexplained loss inc flotant. Replace compartments 806 640 655 645 656 for all years (or 8-50)
8,629,1289,47 48 49,Excessive stage (4-7m) in last decade
8,629,1290,47 48 49,Excessive stage (4-7m) in last decade
